node,shelfmark,Uri-lookup,lookup_uri,Node-size,ms-uri,node-structure,msItem-id,status,structure-id,xpath,notes
"<bibl >Add. 17,134</bibl>","Add. 17,134",763,,25,http://syriaca.org/manuscript/1124,<bibl >CDATA</bibl>,a1,batch1,structure-1,TEI/teiHeader/fileDesc/sourceDesc/msDesc/msContents/msItem[1]/note/bibl,
"<bibl >Add. 17,134</bibl>","Add. 17,134",763,,25,http://syriaca.org/manuscript/1124,<bibl >CDATA</bibl>,b3,batch1,structure-1,TEI/teiHeader/fileDesc/sourceDesc/msDesc/msContents/msItem[1]/msItem[2]/note[3]/bibl,
"<bibl >Add. 17,134, nos. 1—35</bibl>","Add. 17,134",763,,36,http://syriaca.org/manuscript/1124,<bibl >CDATA</bibl>,b3,batch1,structure-1,TEI/teiHeader/fileDesc/sourceDesc/msDesc/msContents/msItem[1]/msItem[2]/note[2]/bibl,
"<bibl >Add. 17,134, fol. 11 a</bibl>","Add. 17,134",763,,36,http://syriaca.org/manuscript/1124,<bibl >CDATA</bibl>,,batch1,structure-1,TEI/teiHeader/fileDesc/sourceDesc/msDesc/physDesc/additions/list/item[1]/p[1]/bibl,
"<bibl >Add. 17,134, nos. 37—39</bibl>","Add. 17,134",763,,37,http://syriaca.org/manuscript/1124,<bibl >CDATA</bibl>,b4,batch1,structure-1,TEI/teiHeader/fileDesc/sourceDesc/msDesc/msContents/msItem[2]/note/bibl,
"<bibl >Add. 14,624, no. 2</bibl>","Add. 14,624",364,,32,http://syriaca.org/manuscript/1144,<bibl >CDATA</bibl>,a4,batch1,structure-1,TEI/teiHeader/fileDesc/sourceDesc/msDesc/msContents/msItem[4]/note/bibl[2],
"<bibl >Add. 14,645, no. 38.</bibl>","Add. 14,645",409,,34,http://syriaca.org/manuscript/1144,<bibl >CDATA</bibl>,a11,batch1,structure-1,TEI/teiHeader/fileDesc/sourceDesc/msDesc/msContents/msItem[11]/note/bibl,
<bibl >Add. 7203</bibl>,Add. 7203,not in Wright,,23,http://syriaca.org/manuscript/1147,<bibl >CDATA</bibl>,p1b4,batch1,structure-1,TEI/teiHeader/fileDesc/sourceDesc/msDesc/msPart[1]/msContents/msItem/msItem[4]/note/bibl,
"<bibl >Add. 14, 489</bibl>","Add. 14,489",179,,26,http://syriaca.org/manuscript/178,<bibl >CDATA</bibl>,,batch1,structure-1,TEI/teiHeader/fileDesc/sourceDesc/msDesc/physDesc/additions/list/item[5]/p[2]/quote/note[1]/bibl,
"<bibl >See Add. 14,525, fol. 68 a.</bibl>","Add. 14,525",248,http://syriaca.org/manuscript/248,41,http://syriaca.org/manuscript/184,<bibl >CDATA</bibl>,c10,done,structure-1,TEI/teiHeader/fileDesc/sourceDesc/msDesc/msContents/msItem/msItem[5]/msItem[2]/note/bibl,
"<bibl >Add. 14,505, foll. 198 a (marg.), 215 b,
                and 219 a</bibl>","Add. 14,505",195,,80,http://syriaca.org/manuscript/194,<bibl >CDATA</bibl>,a1,batch1,structure-1,TEI/teiHeader/fileDesc/sourceDesc/msDesc/msContents/msItem/note/bibl,
"<bibl >Add. 14,516, fol. 1 a</bibl>","Add. 14,516",210,,35,http://syriaca.org/manuscript/209,<bibl >CDATA</bibl>,c2,batch1,structure-1,TEI/teiHeader/fileDesc/sourceDesc/msDesc/msContents/msItem/msItem[1]/msItem[2]/note/bibl,
"<bibl >Add. 17,190</bibl>","Add. 17,190",846,,25,http://syriaca.org/manuscript/209,<bibl >CDATA</bibl>,a1,batch1,structure-1,TEI/teiHeader/fileDesc/sourceDesc/msDesc/msContents/msItem/note[1]/bibl,
"<bibl >Add. 17,190</bibl>","Add. 17,190",846,,25,http://syriaca.org/manuscript/209,<bibl >CDATA</bibl>,,batch1,structure-1,TEI/teiHeader/fileDesc/sourceDesc/msDesc/physDesc/additions/list/item[3]/p[1]/bibl,
"<bibl >Add. 14,515</bibl>","Add. 14,515",209,,25,http://syriaca.org/manuscript/210,<bibl >CDATA</bibl>,a1,batch1,structure-1,TEI/teiHeader/fileDesc/sourceDesc/msDesc/msContents/msItem/note[1]/bibl[1],
"<bibl >Add. 14,515, fol. 2 b</bibl>","Add. 14,515",209,,35,http://syriaca.org/manuscript/210,<bibl >CDATA</bibl>,d1,batch1,structure-1,TEI/teiHeader/fileDesc/sourceDesc/msDesc/msContents/msItem/msItem[1]/msItem[1]/msItem/note/bibl,
"<bibl >Add. 14,515, fol. 150 b</bibl>","Add. 14,515",209,,37,http://syriaca.org/manuscript/210,<bibl >CDATA</bibl>,d20,batch1,structure-1,TEI/teiHeader/fileDesc/sourceDesc/msDesc/msContents/msItem/msItem[1]/msItem[7]/msItem/note/bibl[2],
"<bibl >Add. 14,515, fol. 101 a</bibl>","Add. 14,515",209,,37,http://syriaca.org/manuscript/210,<bibl >CDATA</bibl>,c13,batch1,structure-1,TEI/teiHeader/fileDesc/sourceDesc/msDesc/msContents/msItem/msItem[1]/msItem[13]/note/bibl,
"<bibl >Add. 17,190, fol. 118 a</bibl>","Add. 17,190",846,,37,http://syriaca.org/manuscript/210,<bibl >CDATA</bibl>,c20,batch1,structure-1,TEI/teiHeader/fileDesc/sourceDesc/msDesc/msContents/msItem/msItem[2]/msItem[7]/note/bibl,
"<bibl >Add, 12,146</bibl>","Add. 12,146",21,,25,http://syriaca.org/manuscript/22,<bibl >CDATA</bibl>,,batch1,structure-1,TEI/teiHeader/fileDesc/sourceDesc/msDesc/physDesc/handDesc/handNote[1]/desc/bibl,
"<bibl >Add. 12,146</bibl>","Add. 12,146",21,,25,http://syriaca.org/manuscript/22,<bibl >CDATA</bibl>,,batch1,structure-1,TEI/teiHeader/fileDesc/sourceDesc/msDesc/physDesc/handDesc/handNote[3]/desc/bibl,
"<bibl >Add. 14,578, fol. 16 b, Nili Opuscula, cd. 1673, p. 408; Migne, t. lxxix., col. 1096, line 3</bibl>","Add. 14,578",314,http://syriaca.org/manuscript/314,106,http://syriaca.org/manuscript/221,<bibl >CDATA</bibl>,a1,done,structure-1,TEI/teiHeader/fileDesc/sourceDesc/msDesc/msContents/msItem/listBibl/bibl,
"<bibl >Add. 12,155, no. xxvii.</bibl>","Add. 12,155",30,,37,http://syriaca.org/manuscript/249,<bibl >CDATA</bibl>,p1a1,batch1,structure-1,TEI/teiHeader/fileDesc/sourceDesc/msDesc/msPart[1]/msContents/msItem/note/bibl[1],
"<bibl >Add. 14,527</bibl>","Add. 14,527",252,,25,http://syriaca.org/manuscript/249,<bibl >CDATA</bibl>,p1a1,batch1,structure-1,TEI/teiHeader/fileDesc/sourceDesc/msDesc/msPart[1]/msContents/msItem/note/bibl[2],
"<bibl >Add. 14,526, fol. 29 b</bibl>","Add. 14,526",250,,36,http://syriaca.org/manuscript/253,<bibl >CDATA</bibl>,p1a1,batch1,structure-1,TEI/teiHeader/fileDesc/sourceDesc/msDesc/msPart[1]/msContents/msItem[1]/note[1]/bibl[1],
"<bibl >Add. 12,151</bibl>","Add. 12,151",26,,25,http://syriaca.org/manuscript/27,<bibl >CDATA</bibl>,a2,batch1,structure-1,TEI/teiHeader/fileDesc/sourceDesc/msDesc/msContents/msItem[2]/note/bibl,
"<bibl >Add. 12,175, fol. 122 b</bibl>","Add. 12,175",74,,37,http://syriaca.org/manuscript/317,<bibl >CDATA</bibl>,b5,batch1,structure-1,TEI/teiHeader/fileDesc/sourceDesc/msDesc/msContents/msItem/msItem[5]/note/bibl[2],
"<bibl >Add. 14,578, no. 2</bibl>","Add. 14,578",314,,32,http://syriaca.org/manuscript/317,<bibl >CDATA</bibl>,b4,batch1,structure-1,TEI/teiHeader/fileDesc/sourceDesc/msDesc/msContents/msItem/msItem[4]/note/bibl,
"<bibl >Add. 14,578, no. 1</bibl>","Add. 14,578",314,,32,http://syriaca.org/manuscript/317,<bibl >CDATA</bibl>,b5,batch1,structure-1,TEI/teiHeader/fileDesc/sourceDesc/msDesc/msContents/msItem/msItem[5]/note/bibl[1],
"<bibl >Add. 14,578, no. 3</bibl>","Add. 14,578",314,,32,http://syriaca.org/manuscript/317,<bibl >CDATA</bibl>,b7,batch1,structure-1,TEI/teiHeader/fileDesc/sourceDesc/msDesc/msContents/msItem/msItem[7]/note/bibl,
"<bibl >Add. 14,580, no. 2, a</bibl>","Add. 14,580",316,,35,http://syriaca.org/manuscript/317,<bibl >CDATA</bibl>,c4,batch1,structure-1,TEI/teiHeader/fileDesc/sourceDesc/msDesc/msContents/msItem/msItem[6]/msItem[1]/note/bibl,
"<bibl >Add. 14,580, no. 2, c</bibl>","Add. 14,580",316,,35,http://syriaca.org/manuscript/317,<bibl >CDATA</bibl>,c5,batch1,structure-1,TEI/teiHeader/fileDesc/sourceDesc/msDesc/msContents/msItem/msItem[6]/msItem[2]/note/bibl,
"<bibl >Add. 14,580, no. 2, d</bibl>","Add. 14,580",316,,35,http://syriaca.org/manuscript/317,<bibl >CDATA</bibl>,c6,batch1,structure-1,TEI/teiHeader/fileDesc/sourceDesc/msDesc/msContents/msItem/msItem[6]/msItem[3]/note/bibl,
"<bibl >Add. 17,174</bibl>","Add. 17,174",826,,25,http://syriaca.org/manuscript/319,<bibl >CDATA</bibl>,a1,batch1,structure-1,TEI/teiHeader/fileDesc/sourceDesc/msDesc/msContents/msItem[1]/note/bibl,
"<bibl >Add. 17,174</bibl>","Add. 17,174",826,,25,http://syriaca.org/manuscript/319,<bibl >CDATA</bibl>,b2,batch1,structure-1,TEI/teiHeader/fileDesc/sourceDesc/msDesc/msContents/msItem[1]/msItem[2]/note/bibl,
"<bibl >[Wright] Add. 17,163, fol. 23b</bibl>","Add. 17,163",809,http://syriaca.org/manuscript/809,44,http://syriaca.org/manuscript/323,<bibl >CDATA</bibl>,c1,done,structure-1,TEI/teiHeader/fileDesc/sourceDesc/msDesc/msContents/msItem[1]/msItem/msItem[1]/listBibl/bibl[2],
"<bibl >Add. 12,150, fol. 1</bibl>","Add. 12,150",25,,33,http://syriaca.org/manuscript/347,<bibl >CDATA</bibl>,a11,batch1,structure-1,TEI/teiHeader/fileDesc/sourceDesc/msDesc/msContents/msItem[12]/note/bibl,
"<bibl >Add. 12,173, no. 1, b, fol. 58 b</bibl>","Add. 12,173",69,,46,http://syriaca.org/manuscript/347,<bibl >CDATA</bibl>,b1,batch1,structure-1,TEI/teiHeader/fileDesc/sourceDesc/msDesc/msContents/msItem[7]/msItem[1]/note/bibl,
"<bibl >Add. 14,582, fol. 190 b</bibl>","Add. 14,582",318,,37,http://syriaca.org/manuscript/347,<bibl >CDATA</bibl>,a7,batch1,structure-1,TEI/teiHeader/fileDesc/sourceDesc/msDesc/msContents/msItem[8]/note/bibl[1],
"<bibl >Add. 14,597, fol. 156 a</bibl>","Add. 14,597",333,,37,http://syriaca.org/manuscript/347,<bibl >CDATA</bibl>,a7,batch1,structure-1,TEI/teiHeader/fileDesc/sourceDesc/msDesc/msContents/msItem[8]/note/bibl[2],
"<bibl >Add. 14,578</bibl>","Add. 14,578",314,,25,http://syriaca.org/manuscript/356,<bibl >CDATA</bibl>,a1,batch1,structure-1,TEI/teiHeader/fileDesc/sourceDesc/msDesc/msContents/msItem[1]/note/bibl,
"<bibl >Add. 14,578, no. 1</bibl>","Add. 14,578",314,,32,http://syriaca.org/manuscript/356,<bibl >CDATA</bibl>,b1,batch1,structure-1,TEI/teiHeader/fileDesc/sourceDesc/msDesc/msContents/msItem[1]/msItem[1]/note/bibl,
"<bibl >Add. 14,578, no. 9</bibl>","Add. 14,578",314,,32,http://syriaca.org/manuscript/356,<bibl >CDATA</bibl>,b2,batch1,structure-1,TEI/teiHeader/fileDesc/sourceDesc/msDesc/msContents/msItem[1]/msItem[2]/note/bibl,
"<bibl >Add. 14,578, no. 4</bibl>","Add. 14,578",314,,32,http://syriaca.org/manuscript/356,<bibl >CDATA</bibl>,b4,batch1,structure-1,TEI/teiHeader/fileDesc/sourceDesc/msDesc/msContents/msItem[1]/msItem[4]/note/bibl,
"<bibl >Add. 14,578, no. 5</bibl>","Add. 14,578",314,,32,http://syriaca.org/manuscript/356,<bibl >CDATA</bibl>,b6,batch1,structure-1,TEI/teiHeader/fileDesc/sourceDesc/msDesc/msContents/msItem[1]/msItem[6]/note/bibl,
"<bibl >Add. 14,578, no. 13</bibl>","Add. 14,578",314,,33,http://syriaca.org/manuscript/356,<bibl >CDATA</bibl>,b5,batch1,structure-1,TEI/teiHeader/fileDesc/sourceDesc/msDesc/msContents/msItem[1]/msItem[5]/note/bibl,
"<bibl >Add. 14,578, no. 23</bibl>","Add. 14,578",314,,33,http://syriaca.org/manuscript/356,<bibl >CDATA</bibl>,b7,batch1,structure-1,TEI/teiHeader/fileDesc/sourceDesc/msDesc/msContents/msItem[1]/msItem[7]/note/bibl,
"<bibl >Add. 14,575, no. 2</bibl>","Add. 14,575",311,,32,http://syriaca.org/manuscript/357,<bibl >CDATA</bibl>,b9,batch1,structure-1,TEI/teiHeader/fileDesc/sourceDesc/msDesc/msContents/msItem[8]/msItem[2]/note/bibl,
"<bibl >Add. 14,614, no. 6</bibl>","Add. 14,614",353,,32,http://syriaca.org/manuscript/358,<bibl >CDATA</bibl>,a9,batch1,structure-1,TEI/teiHeader/fileDesc/sourceDesc/msDesc/msContents/msItem[9]/note/bibl[1],
"<bibl >Add. 14,614, fol. 119 a</bibl>","Add. 14,614",354,,37,http://syriaca.org/manuscript/358,<bibl >CDATA</bibl>,a7,batch1,structure-1,TEI/teiHeader/fileDesc/sourceDesc/msDesc/msContents/msItem[7]/note[1]/bibl,
"<bibl >Add. 14,658, fol. 71 a, col. a</bibl>","Add. 14,658",426,,44,http://syriaca.org/manuscript/358,<bibl >CDATA</bibl>,a15,batch1,structure-1,TEI/teiHeader/fileDesc/sourceDesc/msDesc/msContents/msItem[15]/note/bibl,
"<bibl >Add. 12,174, no. 17</bibl>","Add. 12,174",70,,33,http://syriaca.org/manuscript/362,<bibl >CDATA</bibl>,a1,batch1,structure-1,TEI/teiHeader/fileDesc/sourceDesc/msDesc/msContents/msItem/note/bibl,
"<bibl >Add. 14,732, fol. 154 a</bibl>","Add. 14,732",640,,37,http://syriaca.org/manuscript/364,<bibl >CDATA</bibl>,a4,batch1,structure-1,TEI/teiHeader/fileDesc/sourceDesc/msDesc/msContents/msItem[4]/note/bibl,
"<bibl >Add. 14,670, foll. 19-22</bibl>","Add. 14,670",516,,38,http://syriaca.org/manuscript/368,<bibl >CDATA</bibl>,,batch1,structure-1,TEI/teiHeader/fileDesc/sourceDesc/msDesc/msPart[3]/physDesc/handDesc/handNote/desc/bibl,
"<bibl >Add. 12,155, no. xlix.</bibl>","Add. 12,155",30,,36,http://syriaca.org/manuscript/371,<bibl >CDATA</bibl>,p1a5,batch1,structure-1,TEI/teiHeader/fileDesc/sourceDesc/msDesc/msPart[1]/msContents/msItem[5]/note[2]/bibl,
"<bibl >Add. 12,174, no. 19</bibl>","Add. 12,174",70,,33,http://syriaca.org/manuscript/371,<bibl >CDATA</bibl>,p2a2,batch1,structure-1,TEI/teiHeader/fileDesc/sourceDesc/msDesc/msPart[2]/msContents/msItem[2]/note/bibl,
"<bibl >Add. 14,578, no. 10</bibl>","Add. 14,578",314,,33,http://syriaca.org/manuscript/399,<bibl >CDATA</bibl>,p1b8,batch1,structure-1,TEI/teiHeader/fileDesc/sourceDesc/msDesc/msPart[1]/msContents/msItem[6]/msItem[1]/note/bibl,
"<bibl >Add. 14,578, no. 13</bibl>","Add. 14,578",314,,33,http://syriaca.org/manuscript/399,<bibl >CDATA</bibl>,p1b9,batch1,structure-1,TEI/teiHeader/fileDesc/sourceDesc/msDesc/msPart[1]/msContents/msItem[6]/msItem[2]/note/bibl,
"<bibl >Add. 14,578, no. 15</bibl>","Add. 14,578",314,,33,http://syriaca.org/manuscript/399,<bibl >CDATA</bibl>,p1b10,batch1,structure-1,TEI/teiHeader/fileDesc/sourceDesc/msDesc/msPart[1]/msContents/msItem[6]/msItem[3]/note/bibl,
"<bibl >Add. 14,578, no. 18</bibl>","Add. 14,578",314,,33,http://syriaca.org/manuscript/399,<bibl >CDATA</bibl>,p1b12,batch1,structure-1,TEI/teiHeader/fileDesc/sourceDesc/msDesc/msPart[1]/msContents/msItem[6]/msItem[5]/note/bibl,
"<bibl >Add. 14,578, no. 17</bibl>","Add. 14,578",314,,33,http://syriaca.org/manuscript/399,<bibl >CDATA</bibl>,p1b13,batch1,structure-1,TEI/teiHeader/fileDesc/sourceDesc/msDesc/msPart[1]/msContents/msItem[6]/msItem[6]/note/bibl,
"<bibl >Add. 14,578, no. 16</bibl>","Add. 14,578",314,,33,http://syriaca.org/manuscript/399,<bibl >CDATA</bibl>,p1b14,batch1,structure-1,TEI/teiHeader/fileDesc/sourceDesc/msDesc/msPart[1]/msContents/msItem[6]/msItem[7]/note/bibl,
"<bibl >Add. 12,167, fol. 203a</bibl>","Add. 12,167",49,,36,http://syriaca.org/manuscript/40,<bibl >CDATA</bibl>,p4b5,batch1,structure-1,TEI/teiHeader/fileDesc/sourceDesc/msDesc/msPart[4]/msContents/msItem/msItem[5]/listBibl/bibl,
"<bibl >Add. 17,169, fol. 62a</bibl>","Add. 17,169",819,,35,http://syriaca.org/manuscript/40,<bibl >CDATA</bibl>,p4b3,batch1,structure-1,TEI/teiHeader/fileDesc/sourceDesc/msDesc/msPart[4]/msContents/msItem/msItem[1]/listBibl/bibl,
"<bibl >Add. 17,169, fol. 76a</bibl>","Add. 17,169",819,,35,http://syriaca.org/manuscript/40,<bibl >CDATA</bibl>,p4b2,batch1,structure-1,TEI/teiHeader/fileDesc/sourceDesc/msDesc/msPart[4]/msContents/msItem/msItem[3]/listBibl/bibl,
"<bibl >Add. 17,201, foll. 26—32, above, p. 465, no. DLXXXI</bibl>","Add. 17,201",863,,65,http://syriaca.org/manuscript/40,<bibl >CDATA</bibl>,p4b4,batch1,structure-1,TEI/teiHeader/fileDesc/sourceDesc/msDesc/msPart[4]/msContents/msItem/msItem[4]/listBibl/bibl,
"<bibl >See Add. 12,174, no. 76</bibl>","Add. 12,174",70,http://syriaca.org/manuscript/70,37,http://syriaca.org/manuscript/405,<bibl >CDATA</bibl>,b1,done,structure-1,TEI/teiHeader/fileDesc/sourceDesc/msDesc/msContents/msItem[4]/msItem[1]/listBibl/bibl,
"<bibl >Add. 12,151, fol. 173 a</bibl>","Add. 12,151",26,,37,http://syriaca.org/manuscript/409,<bibl >CDATA</bibl>,b3,batch1,structure-1,TEI/teiHeader/fileDesc/sourceDesc/msDesc/msContents/msItem[2]/msItem[3]/note/bibl,
"<bibl >Add. 12,174, no. 9</bibl>","Add. 12,174",70,,32,http://syriaca.org/manuscript/409,<bibl >CDATA</bibl>,b4,batch1,structure-1,TEI/teiHeader/fileDesc/sourceDesc/msDesc/msContents/msItem[2]/msItem[5]/note/bibl,
"<bibl >Add. 12,174, no. 35</bibl>","Add. 12,174",70,,33,http://syriaca.org/manuscript/409,<bibl >CDATA</bibl>,,batch1,structure-1,TEI/teiHeader/fileDesc/sourceDesc/msDesc/msContents/msItem[2]/msItem[4]/note/bibl,
"<bibl >Add. 12,174, no. 13</bibl>","Add. 12,174",70,,33,http://syriaca.org/manuscript/409,<bibl >CDATA</bibl>,b5,batch1,structure-1,TEI/teiHeader/fileDesc/sourceDesc/msDesc/msContents/msItem[2]/msItem[6]/note/bibl,
"<bibl >Add. 12,174, no. 16</bibl>","Add. 12,174",70,,33,http://syriaca.org/manuscript/409,<bibl >CDATA</bibl>,b13,batch1,structure-1,TEI/teiHeader/fileDesc/sourceDesc/msDesc/msContents/msItem[2]/msItem[14]/note[2]/bibl,
"<bibl >Add. 12,174, no. 25</bibl>","Add. 12,174",70,,33,http://syriaca.org/manuscript/409,<bibl >CDATA</bibl>,b14,batch1,structure-1,TEI/teiHeader/fileDesc/sourceDesc/msDesc/msContents/msItem[2]/msItem[15]/note/bibl[1],
"<bibl >Add. 12,174, no. 60</bibl>","Add. 12,174",70,,33,http://syriaca.org/manuscript/409,<bibl >CDATA</bibl>,b20,batch1,structure-1,TEI/teiHeader/fileDesc/sourceDesc/msDesc/msContents/msItem[2]/msItem[21]/note/bibl,
"<bibl >Add. 12,174, no. 64</bibl>","Add. 12,174",70,,33,http://syriaca.org/manuscript/409,<bibl >CDATA</bibl>,b21,batch1,structure-1,TEI/teiHeader/fileDesc/sourceDesc/msDesc/msContents/msItem[2]/msItem[22]/note/bibl,
"<bibl >Add. 12,174, no. 74</bibl>","Add. 12,174",70,,33,http://syriaca.org/manuscript/409,<bibl >CDATA</bibl>,b26,batch1,structure-1,TEI/teiHeader/fileDesc/sourceDesc/msDesc/msContents/msItem[2]/msItem[27]/note/bibl,
"<bibl >Add. 12,174, no. 63</bibl>","Add. 12,174",70,,33,http://syriaca.org/manuscript/409,<bibl >CDATA</bibl>,b32,batch1,structure-1,TEI/teiHeader/fileDesc/sourceDesc/msDesc/msContents/msItem[2]/msItem[33]/note/bibl,
"<bibl >Add. 12,174, no. 56</bibl>","Add. 12,174",70,,33,http://syriaca.org/manuscript/409,<bibl >CDATA</bibl>,b36,batch1,structure-1,TEI/teiHeader/fileDesc/sourceDesc/msDesc/msContents/msItem[2]/msItem[37]/note/bibl,
"<bibl >Add. 12,174, no. 57</bibl>","Add. 12,174",70,,33,http://syriaca.org/manuscript/409,<bibl >CDATA</bibl>,b38,batch1,structure-1,TEI/teiHeader/fileDesc/sourceDesc/msDesc/msContents/msItem[2]/msItem[39]/note/bibl,
"<bibl >Add. 14,644, no. 8</bibl>","Add. 14,644",408,,32,http://syriaca.org/manuscript/409,<bibl >CDATA</bibl>,b7,batch1,structure-1,TEI/teiHeader/fileDesc/sourceDesc/msDesc/msContents/msItem[2]/msItem[8]/note/bibl,
"<bibl >Add. 14,644, no. 9</bibl>","Add. 14,644",408,,32,http://syriaca.org/manuscript/409,<bibl >CDATA</bibl>,b25,batch1,structure-1,TEI/teiHeader/fileDesc/sourceDesc/msDesc/msContents/msItem[2]/msItem[26]/note/bibl,
"<bibl >Add. 14,644, no. 10</bibl>","Add. 14,644",408,,33,http://syriaca.org/manuscript/409,<bibl >CDATA</bibl>,b17,batch1,structure-1,TEI/teiHeader/fileDesc/sourceDesc/msDesc/msContents/msItem[2]/msItem[18]/note/bibl,
"<bibl >Add. 14,732, fol. 90 b</bibl>","Add. 14,732",640,,36,http://syriaca.org/manuscript/409,<bibl >CDATA</bibl>,b40,batch1,structure-1,TEI/teiHeader/fileDesc/sourceDesc/msDesc/msContents/msItem[2]/msItem[41]/note/bibl,
"<bibl >Add. 14,645, no. 15</bibl>","Add. 14,645",409,,33,http://syriaca.org/manuscript/413,<bibl >CDATA</bibl>,b65,batch1,structure-1,TEI/teiHeader/fileDesc/sourceDesc/msDesc/msContents/msItem[3]/msItem[2]/note/bibl,
"<bibl >Add. 14,650, fol. 161 b</bibl>","Add. 14,650",418,,37,http://syriaca.org/manuscript/413,<bibl >CDATA</bibl>,b4,batch1,structure-1,TEI/teiHeader/fileDesc/sourceDesc/msDesc/msContents/msItem[1]/msItem[4]/note[2]/bibl[1],
"<bibl >Add. 14,735, fol. 157 b</bibl>","Add. 14,735",651,,37,http://syriaca.org/manuscript/413,<bibl >CDATA</bibl>,b31,batch1,structure-1,TEI/teiHeader/fileDesc/sourceDesc/msDesc/msContents/msItem[1]/msItem[31]/note[1]/bibl,
"<bibl >See Add. 12,173, no. 1</bibl>","Add. 12,173",69,,36,http://syriaca.org/manuscript/414,<bibl >CDATA</bibl>,a1,batch1,structure-1,TEI/teiHeader/fileDesc/sourceDesc/msDesc/msContents/msItem[1]/note[1]/bibl,
"<bibl >Add. 12,167, no. vii</bibl>","Add. 12,167",49,,34,http://syriaca.org/manuscript/415,<bibl >CDATA</bibl>,p2b1,batch1,structure-1,TEI/teiHeader/fileDesc/sourceDesc/msDesc/msPart[2]/msContents/msItem/msItem[1]/note/bibl[2],
"<bibl >Add. 12,167, no. vii., 2</bibl>","Add. 12,167",49,,38,http://syriaca.org/manuscript/415,<bibl >CDATA</bibl>,p2b2,batch1,structure-1,TEI/teiHeader/fileDesc/sourceDesc/msDesc/msPart[2]/msContents/msItem/msItem[2]/note/bibl[2],
"<bibl >Add. 12,172, fol. 32 b</bibl>","Add. 12,172",64,http://syriaca.org/manuscript/64,36,http://syriaca.org/manuscript/415,<bibl >CDATA</bibl>,p1a14,done,structure-1,TEI/teiHeader/fileDesc/sourceDesc/msDesc/msPart[1]/msContents/msItem[14]/note/bibl,
"<bibl >Add. 12,172, fol. 35 b</bibl>","Add. 12,172",64,,36,http://syriaca.org/manuscript/415,<bibl >CDATA</bibl>,p1a15,batch1,structure-1,TEI/teiHeader/fileDesc/sourceDesc/msDesc/msPart[1]/msContents/msItem[15]/note/bibl,
"<bibl >Add. 12,174, no. 77</bibl>","Add. 12,174",70,,33,http://syriaca.org/manuscript/415,<bibl >CDATA</bibl>,p1a16,batch1,structure-1,TEI/teiHeader/fileDesc/sourceDesc/msDesc/msPart[1]/msContents/msItem[16]/note/bibl[2],
"<bibl >Add. 12,174, no. 21</bibl>","Add. 12,174",70,,33,http://syriaca.org/manuscript/415,<bibl >CDATA</bibl>,p1a20,batch1,structure-1,TEI/teiHeader/fileDesc/sourceDesc/msDesc/msPart[1]/msContents/msItem[20]/note/bibl,
"<bibl >Add. 14,601, no. 3</bibl>","Add. 14,601",337,,32,http://syriaca.org/manuscript/415,<bibl >CDATA</bibl>,p1a7,batch1,structure-1,TEI/teiHeader/fileDesc/sourceDesc/msDesc/msPart[1]/msContents/msItem[7]/note/bibl,
"<bibl >Add. 14,641, no. 4, h.</bibl>","Add. 14,641",405,,36,http://syriaca.org/manuscript/415,<bibl >CDATA</bibl>,p1a27,batch1,structure-1,TEI/teiHeader/fileDesc/sourceDesc/msDesc/msPart[1]/msContents/msItem[27]/note[2]/bibl,
"<bibl >Add. 14,641, fol. 160 a</bibl>","Add. 14,641",405,,37,http://syriaca.org/manuscript/415,<bibl >CDATA</bibl>,p1a21,batch1,structure-1,TEI/teiHeader/fileDesc/sourceDesc/msDesc/msPart[1]/msContents/msItem[21]/note/bibl,
"<bibl >Add. 14,644, no. 12</bibl>","Add. 14,644",408,,33,http://syriaca.org/manuscript/415,<bibl >CDATA</bibl>,p1a5,batch1,structure-1,TEI/teiHeader/fileDesc/sourceDesc/msDesc/msPart[1]/msContents/msItem[5]/note/bibl,
"<bibl >Add. 14,645, no. 40</bibl>","Add. 14,645",409,,33,http://syriaca.org/manuscript/415,<bibl >CDATA</bibl>,p1a9,batch1,structure-1,TEI/teiHeader/fileDesc/sourceDesc/msDesc/msPart[1]/msContents/msItem[9]/note/bibl,
"<bibl >Add. 14,647, fol. 157 b</bibl>","Add. 14,647",413,,37,http://syriaca.org/manuscript/415,<bibl >CDATA</bibl>,p1a8,batch1,structure-1,TEI/teiHeader/fileDesc/sourceDesc/msDesc/msPart[1]/msContents/msItem[8]/note/bibl,
"<bibl >Add. 12,160, fol. 147 a</bibl>","Add. 12,160",37,,37,http://syriaca.org/manuscript/418,<bibl >CDATA</bibl>,a9,batch1,structure-1,TEI/teiHeader/fileDesc/sourceDesc/msDesc/msContents/msItem[9]/note/bibl,
"<bibl >Add. 12,173, no 1, b</bibl>","Add. 12,173",69,,34,http://syriaca.org/manuscript/418,<bibl >CDATA</bibl>,a4,batch1,structure-1,TEI/teiHeader/fileDesc/sourceDesc/msDesc/msContents/msItem[4]/note[1]/bibl,
"<bibl >Add. 14,578, no. 13</bibl>","Add. 14,578",314,,33,http://syriaca.org/manuscript/418,<bibl >CDATA</bibl>,b4,batch1,structure-1,TEI/teiHeader/fileDesc/sourceDesc/msDesc/msContents/msItem[2]/msItem[4]/note/bibl,
"<bibl >Add. 14,578, no. 33, §§ 1—5</bibl>","Add. 14,578",314,http://syriaca.org/manuscript/314,41,http://syriaca.org/manuscript/418,<bibl >CDATA</bibl>,b2,done,structure-1,TEI/teiHeader/fileDesc/sourceDesc/msDesc/msContents/msItem[2]/msItem[2]/note/bibl,
"<bibl >Add. 14,582, no. 12</bibl>","Add. 14,582",318,,33,http://syriaca.org/manuscript/418,<bibl >CDATA</bibl>,a16,batch1,structure-1,TEI/teiHeader/fileDesc/sourceDesc/msDesc/msContents/msItem[16]/note/bibl,
"<bibl >Add. 14,601, no. 3</bibl>","Add. 14,601",337,,32,http://syriaca.org/manuscript/418,<bibl >CDATA</bibl>,a22,batch1,structure-1,TEI/teiHeader/fileDesc/sourceDesc/msDesc/msContents/msItem[22]/note/bibl[1],
"<bibl >Add. 14,641, no. 4, b</bibl>","Add. 14,641",405,,35,http://syriaca.org/manuscript/418,<bibl >CDATA</bibl>,a8,batch1,structure-1,TEI/teiHeader/fileDesc/sourceDesc/msDesc/msContents/msItem[8]/note/bibl,
"<bibl >Add. 14,641, no. 4, f</bibl>","Add. 14,641",405,,35,http://syriaca.org/manuscript/418,<bibl >CDATA</bibl>,a17,batch1,structure-1,TEI/teiHeader/fileDesc/sourceDesc/msDesc/msContents/msItem[17]/note/bibl,
"<bibl >Add. 14,641, no. 4, h</bibl>","Add. 14,641",405,,35,http://syriaca.org/manuscript/418,<bibl >CDATA</bibl>,a20,batch1,structure-1,TEI/teiHeader/fileDesc/sourceDesc/msDesc/msContents/msItem[20]/note/bibl,
"<bibl >Add. 14,644, no. 9</bibl>","Add. 14,644",408,,32,http://syriaca.org/manuscript/418,<bibl >CDATA</bibl>,a10,batch1,structure-1,TEI/teiHeader/fileDesc/sourceDesc/msDesc/msContents/msItem[10]/note/bibl,
"<bibl >Add. 14,647, I., no. 3</bibl>","Add. 14,647",413,,36,http://syriaca.org/manuscript/418,<bibl >CDATA</bibl>,b11,batch1,structure-1,TEI/teiHeader/fileDesc/sourceDesc/msDesc/msContents/msItem[18]/msItem[1]/note/bibl,
"<bibl >Add. 14,647, I., no. 7</bibl>","Add. 14,647",413,,36,http://syriaca.org/manuscript/418,<bibl >CDATA</bibl>,b12,batch1,structure-1,TEI/teiHeader/fileDesc/sourceDesc/msDesc/msContents/msItem[18]/msItem[2]/note/bibl,
"<bibl >Add. 14,647, I., no. 2</bibl>","Add. 14,647",413,,36,http://syriaca.org/manuscript/418,<bibl >CDATA</bibl>,b22,batch1,structure-1,TEI/teiHeader/fileDesc/sourceDesc/msDesc/msContents/msItem[18]/msItem[12]/note/bibl,
"<bibl >Add. 14,647, fol. 139 b</bibl>","Add. 14,647",413,,37,http://syriaca.org/manuscript/418,<bibl >CDATA</bibl>,a13,batch1,structure-1,TEI/teiHeader/fileDesc/sourceDesc/msDesc/msContents/msItem[13]/note/bibl,
"<bibl >Add. 14,647, I., no. 13</bibl>","Add. 14,647",413,,37,http://syriaca.org/manuscript/418,<bibl >CDATA</bibl>,b13,batch1,structure-1,TEI/teiHeader/fileDesc/sourceDesc/msDesc/msContents/msItem[18]/msItem[3]/note/bibl,
"<bibl >Add. 14,647, I., no. 14</bibl>","Add. 14,647",413,,37,http://syriaca.org/manuscript/418,<bibl >CDATA</bibl>,b14,batch1,structure-1,TEI/teiHeader/fileDesc/sourceDesc/msDesc/msContents/msItem[18]/msItem[4]/note/bibl,
"<bibl >Add. 14,647, I., no. 15</bibl>","Add. 14,647",413,,37,http://syriaca.org/manuscript/418,<bibl >CDATA</bibl>,b15,batch1,structure-1,TEI/teiHeader/fileDesc/sourceDesc/msDesc/msContents/msItem[18]/msItem[5]/note/bibl,
"<bibl >Add. 14,647, I., no. 18</bibl>","Add. 14,647",413,,37,http://syriaca.org/manuscript/418,<bibl >CDATA</bibl>,b16,batch1,structure-1,TEI/teiHeader/fileDesc/sourceDesc/msDesc/msContents/msItem[18]/msItem[6]/note/bibl,
"<bibl >Add. 14,647, I., no. 19</bibl>","Add. 14,647",413,,37,http://syriaca.org/manuscript/418,<bibl >CDATA</bibl>,b17,batch1,structure-1,TEI/teiHeader/fileDesc/sourceDesc/msDesc/msContents/msItem[18]/msItem[7]/note/bibl,
"<bibl >Add. 14,647, I., no. 36</bibl>","Add. 14,647",413,,37,http://syriaca.org/manuscript/418,<bibl >CDATA</bibl>,b20,batch1,structure-1,TEI/teiHeader/fileDesc/sourceDesc/msDesc/msContents/msItem[18]/msItem[10]/note/bibl,
"<bibl >Add. 14,647, I., no. 11</bibl>","Add. 14,647",413,,37,http://syriaca.org/manuscript/418,<bibl >CDATA</bibl>,b21,batch1,structure-1,TEI/teiHeader/fileDesc/sourceDesc/msDesc/msContents/msItem[18]/msItem[11]/note/bibl,
"<bibl >Add. 14,647, I., no. 40</bibl>","Add. 14,647",413,,37,http://syriaca.org/manuscript/418,<bibl >CDATA</bibl>,b23,batch1,structure-1,TEI/teiHeader/fileDesc/sourceDesc/msDesc/msContents/msItem[18]/msItem[13]/note/bibl,
"<bibl >Add. 14,649, no. 5</bibl>","Add. 14,649",416,,32,http://syriaca.org/manuscript/418,<bibl >CDATA</bibl>,a22,batch1,structure-1,TEI/teiHeader/fileDesc/sourceDesc/msDesc/msContents/msItem[22]/note/bibl[2],
"<bibl >Add. 14,649, no. 16</bibl>","Add. 14,649",416,,33,http://syriaca.org/manuscript/418,<bibl >CDATA</bibl>,a21,batch1,structure-1,TEI/teiHeader/fileDesc/sourceDesc/msDesc/msContents/msItem[21]/note/bibl,
"<bibl >Add. 14,649, fol. 140 b</bibl>","Add. 14,649",416,,37,http://syriaca.org/manuscript/418,<bibl >CDATA</bibl>,a5,batch1,structure-1,TEI/teiHeader/fileDesc/sourceDesc/msDesc/msContents/msItem[5]/note/bibl,
"<bibl >Add. 14,649, fol. 141 b</bibl>","Add. 14,649",416,,37,http://syriaca.org/manuscript/418,<bibl >CDATA</bibl>,a6,batch1,structure-1,TEI/teiHeader/fileDesc/sourceDesc/msDesc/msContents/msItem[6]/note/bibl,
"<bibl >Add. 7190, fol. 202 a</bibl>",Add. 7190,not in Wright,,35,http://syriaca.org/manuscript/418,<bibl >CDATA</bibl>,a14,batch1,structure-1,TEI/teiHeader/fileDesc/sourceDesc/msDesc/msContents/msItem[14]/note/bibl,
"<bibl >Add. 12,174, no. 56</bibl>","Add. 12,174",70,,33,http://syriaca.org/manuscript/419,<bibl >CDATA</bibl>,p1b9,batch1,structure-1,TEI/teiHeader/fileDesc/sourceDesc/msDesc/msPart[1]/msContents/msItem[1]/msItem[9]/note/bibl,
"<bibl >Add. 14,607, no. 7, a</bibl>","Add. 14,607",343,,35,http://syriaca.org/manuscript/419,<bibl >CDATA</bibl>,p1b5,batch1,structure-1,TEI/teiHeader/fileDesc/sourceDesc/msDesc/msPart[1]/msContents/msItem[1]/msItem[5]/note/bibl,
"<bibl >Add. 14,647, fol. 40 a</bibl>","Add. 14,647",413,,36,http://syriaca.org/manuscript/419,<bibl >CDATA</bibl>,p1b4,batch1,structure-1,TEI/teiHeader/fileDesc/sourceDesc/msDesc/msPart[1]/msContents/msItem[1]/msItem[4]/note/bibl[1],
"<bibl >Add. 14,647, fol. 157 b</bibl>","Add. 14,647",413,,37,http://syriaca.org/manuscript/419,<bibl >CDATA</bibl>,p1b2,batch1,structure-1,TEI/teiHeader/fileDesc/sourceDesc/msDesc/msPart[1]/msContents/msItem[1]/msItem[2]/note/bibl,
"<bibl >Add. 14,649, no. 24</bibl>","Add. 14,649",416,,33,http://syriaca.org/manuscript/419,<bibl >CDATA</bibl>,p1b3,batch1,structure-1,TEI/teiHeader/fileDesc/sourceDesc/msDesc/msPart[1]/msContents/msItem[1]/msItem[3]/note/bibl,
"<bibl >Add. 14,650, no. 18, h</bibl>","Add. 14,650",418,,36,http://syriaca.org/manuscript/419,<bibl >CDATA</bibl>,p1b6,batch1,structure-1,TEI/teiHeader/fileDesc/sourceDesc/msDesc/msPart[1]/msContents/msItem[1]/msItem[6]/note/bibl[1],
"<bibl >Add. 12,174, no. 76</bibl>","Add. 12,174",70,,33,http://syriaca.org/manuscript/420,<bibl >CDATA</bibl>,b5,batch1,structure-1,TEI/teiHeader/fileDesc/sourceDesc/msDesc/msContents/msItem[1]/msItem[5]/note/bibl,
"<bibl >Add. 14,447, above, no. CLVI</bibl>","Add. 14,447",119,,42,http://syriaca.org/manuscript/420,<bibl >CDATA</bibl>,a1,batch1,structure-1,TEI/teiHeader/fileDesc/sourceDesc/msDesc/msContents/msItem[1]/note/bibl,
"<bibl >Add. 12,174, no. 41</bibl>","Add. 12,174",70,,33,http://syriaca.org/manuscript/421,<bibl >CDATA</bibl>,a1,batch1,structure-1,TEI/teiHeader/fileDesc/sourceDesc/msDesc/msContents/msItem[1]/note[2]/bibl,
"<bibl >Add. 14,578, no. 23.</bibl>","Add. 14,578",314,,34,http://syriaca.org/manuscript/421,<bibl >CDATA</bibl>,a6,batch1,structure-1,TEI/teiHeader/fileDesc/sourceDesc/msDesc/msContents/msItem[6]/note[1]/bibl,
"<bibl >Add. 14,611, no. 15</bibl>","Add. 14,611",349,,33,http://syriaca.org/manuscript/423,<bibl >CDATA</bibl>,a4,batch1,structure-1,TEI/teiHeader/fileDesc/sourceDesc/msDesc/msContents/msItem[4]/note/bibl[1],
"<bibl >Add. 14,641, no. 4, g</bibl>","Add. 14,641",405,,35,http://syriaca.org/manuscript/423,<bibl >CDATA</bibl>,a2,batch1,structure-1,TEI/teiHeader/fileDesc/sourceDesc/msDesc/msContents/msItem[2]/note/bibl,
"<bibl >Add. 14,649, no. 3</bibl>","Add. 14,649",416,,32,http://syriaca.org/manuscript/423,<bibl >CDATA</bibl>,a3,batch1,structure-1,TEI/teiHeader/fileDesc/sourceDesc/msDesc/msContents/msItem[3]/note/bibl,
"<bibl >Add. 14,732, fol. 74 b</bibl>","Add. 14,732",640,,36,http://syriaca.org/manuscript/423,<bibl >CDATA</bibl>,a1,batch1,structure-1,TEI/teiHeader/fileDesc/sourceDesc/msDesc/msContents/msItem[1]/note/bibl,
"<bibl >Add. 14,630, fol. 13 b</bibl>","Add. 14,630",375,,36,http://syriaca.org/manuscript/424,<bibl >CDATA</bibl>,a3,batch1,structure-1,TEI/teiHeader/fileDesc/sourceDesc/msDesc/msContents/msItem[3]/note[2]/bibl,
"<bibl >Add. 14,645, no. 15</bibl>","Add. 14,645",409,,33,http://syriaca.org/manuscript/424,<bibl >CDATA</bibl>,a6,batch1,structure-1,TEI/teiHeader/fileDesc/sourceDesc/msDesc/msContents/msItem[6]/note/bibl,
"<bibl >Add. 14,732, fol. 54 b</bibl>","Add. 14,732",640,,36,http://syriaca.org/manuscript/424,<bibl >CDATA</bibl>,a4,batch1,structure-1,TEI/teiHeader/fileDesc/sourceDesc/msDesc/msContents/msItem[4]/note/bibl,
"<bibl >Add. 14,732, fol. 74 b</bibl>","Add. 14,732",640,,36,http://syriaca.org/manuscript/424,<bibl >CDATA</bibl>,a7,batch1,structure-1,TEI/teiHeader/fileDesc/sourceDesc/msDesc/msContents/msItem[7]/note[1]/bibl,
"<bibl >Add. 17,192, no. 11</bibl>","Add. 17,192",848,,33,http://syriaca.org/manuscript/425,<bibl >CDATA</bibl>,a1,batch1,structure-1,TEI/teiHeader/fileDesc/sourceDesc/msDesc/msContents/msItem/note/bibl,
"<bibl >Add. 17,156, fol. 3 a</bibl>","Add. 17,156",786,,35,http://syriaca.org/manuscript/428,<bibl >CDATA</bibl>,a2,batch1,structure-1,TEI/teiHeader/fileDesc/sourceDesc/msDesc/msContents/msItem[2]/note/bibl[1],
"<bibl >Add. 17,156, fol. 11 a</bibl>","Add. 17,156",786,,36,http://syriaca.org/manuscript/428,<bibl >CDATA</bibl>,a3,batch1,structure-1,TEI/teiHeader/fileDesc/sourceDesc/msDesc/msContents/msItem[3]/note/bibl[1],
"<bibl >Add. 14,658, no. 1</bibl>","Add. 14,658",426,,32,http://syriaca.org/manuscript/429,<bibl >CDATA</bibl>,a1,batch1,structure-1,TEI/teiHeader/fileDesc/sourceDesc/msDesc/msContents/msItem/note[2]/bibl[1],
"<bibl >Add. 14,575, no. 13</bibl>","Add. 14,575",311,,33,http://syriaca.org/manuscript/437,<bibl >CDATA</bibl>,p8a4,batch1,structure-1,TEI/teiHeader/fileDesc/sourceDesc/msDesc/msPart[8]/msContents/msItem[4]/note/bibl,
"<bibl >Add, 14,641, fol. 140 b</bibl>","Add. 14,641",405,,37,http://syriaca.org/manuscript/437,<bibl >CDATA</bibl>,p8a1,batch1,structure-1,TEI/teiHeader/fileDesc/sourceDesc/msDesc/msPart[8]/msContents/msItem[1]/note/bibl,
"<bibl >Add. 7156, Forshall and Rosen’s Catalogue, p.11</bibl>",Add. 7156,not in Wright,http://syriaca.org/manuscript/not in Wright,61,http://syriaca.org/manuscript/529,<bibl >CDATA</bibl>,b6,done,structure-1,TEI/teiHeader/fileDesc/sourceDesc/msDesc/msContents/msItem[2]/msItem[6]/listBibl/bibl,
"<bibl >See Add. 14,675, no. 2, d, and Add. 17,219, no. 3, b.</bibl>","Add. 14,675",529,http://syriaca.org/manuscript/529,67,http://syriaca.org/manuscript/533,<bibl >CDATA</bibl>,b5,done,structure-1,TEI/teiHeader/fileDesc/sourceDesc/msDesc/msContents/msItem[3]/msItem[2]/note/bibl,
"<bibl >See Add. 17,219, no. 3, a.</bibl>","Add. 17,219",980,http://syriaca.org/manuscript/980,40,http://syriaca.org/manuscript/533,<bibl >CDATA</bibl>,b4,done,structure-1,TEI/teiHeader/fileDesc/sourceDesc/msDesc/msContents/msItem[3]/msItem[1]/note/bibl,
"<bibl >See Add. 17,169, no. 1.</bibl>","Add. 17,169",819,http://syriaca.org/manuscript/819,37,http://syriaca.org/manuscript/54,<bibl >CDATA</bibl>,p2b24,done,structure-1,TEI/teiHeader/fileDesc/sourceDesc/msDesc/msPart[2]/msContents/msItem[5]/msItem[24]/listBibl/bibl,
"<bibl >Add. 17,170 no. 13.</bibl>","Add. 17,170",820,,33,http://syriaca.org/manuscript/54,<bibl >CDATA</bibl>,p2c7,batch1,structure-1,TEI/teiHeader/fileDesc/sourceDesc/msDesc/msPart[2]/msContents/msItem[5]/msItem[15]/msItem[7]/listBibl/bibl,
"<bibl >Add. 17,170, no. 15</bibl>","Add. 17,170",820,,33,http://syriaca.org/manuscript/54,<bibl >CDATA</bibl>,p2b18,batch1,structure-1,TEI/teiHeader/fileDesc/sourceDesc/msDesc/msPart[2]/msContents/msItem[5]/msItem[18]/listBibl/bibl,
"<bibl >Add. 17,170, no. 14, c</bibl>","Add. 17,170",820,,36,http://syriaca.org/manuscript/54,<bibl >CDATA</bibl>,p2b17,batch1,structure-1,TEI/teiHeader/fileDesc/sourceDesc/msDesc/msPart[2]/msContents/msItem[5]/msItem[17]/listBibl/bibl[1],
"<bibl >See Add. 17,170, no. 12.</bibl>","Add. 17,170",820,http://syriaca.org/manuscript/820,38,http://syriaca.org/manuscript/54,<bibl >CDATA</bibl>,p2b2,done,structure-1,TEI/teiHeader/fileDesc/sourceDesc/msDesc/msPart[2]/msContents/msItem[5]/msItem[2]/listBibl/bibl,
"<bibl >See Add. 17,170, no. 10.</bibl>","Add. 17,170",820,http://syriaca.org/manuscript/820,38,http://syriaca.org/manuscript/54,<bibl >CDATA</bibl>,p2b3,done,structure-1,TEI/teiHeader/fileDesc/sourceDesc/msDesc/msPart[2]/msContents/msItem[5]/msItem[3]/listBibl/bibl,
"<bibl >See Add. 17,170, no. 4, a.</bibl>","Add. 17,170",820,http://syriaca.org/manuscript/820,40,http://syriaca.org/manuscript/54,<bibl >CDATA</bibl>,p2a3,done,structure-1,TEI/teiHeader/fileDesc/sourceDesc/msDesc/msPart[2]/msContents/msItem[3]/listBibl/bibl,
"<bibl >See Add. 17,170, no. 11, a.</bibl>","Add. 17,170",820,http://syriaca.org/manuscript/820,41,http://syriaca.org/manuscript/54,<bibl >CDATA</bibl>,p2c8,done,structure-1,TEI/teiHeader/fileDesc/sourceDesc/msDesc/msPart[2]/msContents/msItem[5]/msItem[15]/msItem[8]/listBibl/bibl,
"<bibl >Add. 17,229, fol. 16 b</bibl>","Add. 17,229",1009,,36,http://syriaca.org/manuscript/552,<bibl >CDATA</bibl>,p2b2,batch1,structure-1,TEI/teiHeader/fileDesc/sourceDesc/msDesc/msPart[2]/msContents/msItem[2]/msItem[2]/note[2]/bibl,
"<bibl >Add. 17,235</bibl>","Add. 17,235",1020,,25,http://syriaca.org/manuscript/573,<bibl >CDATA</bibl>,a1,batch1,structure-1,TEI/teiHeader/fileDesc/sourceDesc/msDesc/msContents/msItem/bibl/note/bibl,
"<bibl >Add. 14,670, fol. 2</bibl>","Add. 14,670",512,,33,http://syriaca.org/manuscript/58,<bibl >CDATA</bibl>,p1a4,batch1,structure-1,TEI/teiHeader/fileDesc/sourceDesc/msDesc/msPart[1]/msContents/msItem[4]/note[2]/bibl,
"<bibl >Add. 14,649, fol. 103 b</bibl>","Add. 14,649",416,,37,http://syriaca.org/manuscript/61,<bibl >CDATA</bibl>,p3a2,batch1,structure-1,TEI/teiHeader/fileDesc/sourceDesc/msDesc/msPart[3]/msContents/msItem[2]/note[1]/bibl,
"<bibl >Add. 14,515, no. 1</bibl>","Add. 14,515",209,,32,http://syriaca.org/manuscript/614,<bibl >CDATA</bibl>,p1b1,batch1,structure-1,TEI/teiHeader/fileDesc/sourceDesc/msDesc/msPart[1]/msContents/msItem[1]/msItem[1]/note[2]/bibl,
"<bibl >Add. 14,549, fol. 2 b, marg.</bibl>","Add. 14,549",280,,42,http://syriaca.org/manuscript/614,<bibl >CDATA</bibl>,p4a1,batch1,structure-1,TEI/teiHeader/fileDesc/sourceDesc/msDesc/msPart[4]/msContents/msItem/note[2]/bibl[5],
"<bibl >Add.
                                       14,728, foll. 138—207</bibl>","Add. 14,728",626,,79,http://syriaca.org/manuscript/623,<bibl >CDATA</bibl>,,batch1,structure-1,TEI/teiHeader/fileDesc/sourceDesc/msDesc/msPart[3]/physDesc/p/bibl,
"<bibl >Add.
                                       14,728, foll. 138—207</bibl>","Add. 14,728",626,,79,http://syriaca.org/manuscript/623,<bibl >CDATA</bibl>,,batch1,structure-1,TEI/teiHeader/fileDesc/sourceDesc/msDesc/msPart[3]/physDesc/objectDesc/supportDesc/condition/list/item/p/bibl,
"<bibl >no. CLVII., Add. 14,484, fol. 18 b</bibl>","Add. 14,484",172,,48,http://syriaca.org/manuscript/635,<bibl >CDATA</bibl>,p1a6,batch1,structure-1,TEI/teiHeader/fileDesc/sourceDesc/msDesc/msPart[1]/msContents/msItem[6]/note/bibl,
"<bibl >Add. 14,583, no. 1</bibl>","Add. 14,583",319,,32,http://syriaca.org/manuscript/635,<bibl >CDATA</bibl>,p1a1,batch1,structure-1,TEI/teiHeader/fileDesc/sourceDesc/msDesc/msPart[1]/msContents/msItem[1]/note[1]/bibl,
"<bibl >Add. 14,583, fol. 23 a</bibl>","Add. 14,583",319,,36,http://syriaca.org/manuscript/635,<bibl >CDATA</bibl>,p1a1,batch1,structure-1,TEI/teiHeader/fileDesc/sourceDesc/msDesc/msPart[1]/msContents/msItem[1]/note[2]/bibl,
"<bibl >Add. 14,583, fol. 29 a</bibl>","Add. 14,583",319,,36,http://syriaca.org/manuscript/635,<bibl >CDATA</bibl>,p1a3,batch1,structure-1,TEI/teiHeader/fileDesc/sourceDesc/msDesc/msPart[1]/msContents/msItem[3]/note/bibl,
"<bibl >Add. 14,583, fol. 23 b</bibl>","Add. 14,583",319,,36,http://syriaca.org/manuscript/635,<bibl >CDATA</bibl>,p1a4,batch1,structure-1,TEI/teiHeader/fileDesc/sourceDesc/msDesc/msPart[1]/msContents/msItem[4]/note[1]/bibl,
"<bibl >Add. 14,624, no. 4</bibl>","Add. 14,624",364,,32,http://syriaca.org/manuscript/635,<bibl >CDATA</bibl>,p2a13,batch1,structure-1,TEI/teiHeader/fileDesc/sourceDesc/msDesc/msPart[2]/msContents/msItem[13]/note/bibl,
"<bibl >Add. 14,649, no. 23</bibl>","Add. 14,649",416,,33,http://syriaca.org/manuscript/635,<bibl >CDATA</bibl>,p2a5,batch1,structure-1,TEI/teiHeader/fileDesc/sourceDesc/msDesc/msPart[2]/msContents/msItem[5]/note/bibl,
"<bibl >Add. 14,650, no. 18, h</bibl>","Add. 14,650",418,,36,http://syriaca.org/manuscript/635,<bibl >CDATA</bibl>,p2a2,batch1,structure-1,TEI/teiHeader/fileDesc/sourceDesc/msDesc/msPart[2]/msContents/msItem[2]/note/bibl[1],
"<bibl >Add. 14,650, no. 18, k</bibl>","Add. 14,650",418,,36,http://syriaca.org/manuscript/635,<bibl >CDATA</bibl>,p2a3,batch1,structure-1,TEI/teiHeader/fileDesc/sourceDesc/msDesc/msPart[2]/msContents/msItem[3]/note/bibl[1],
"<bibl >Add. 14,653, no. 5</bibl>","Add. 14,653",421,,32,http://syriaca.org/manuscript/635,<bibl >CDATA</bibl>,p2a4,batch1,structure-1,TEI/teiHeader/fileDesc/sourceDesc/msDesc/msPart[2]/msContents/msItem[4]/note/bibl,
"<bibl >Add. 12,172, fol. 13 a</bibl>","Add. 12,172",63,,36,http://syriaca.org/manuscript/639,<bibl >CDATA</bibl>,p1b19,batch1,structure-1,TEI/teiHeader/fileDesc/sourceDesc/msDesc/msPart[1]/msContents/msItem[2]/msItem[19]/note/bibl,
"<bibl >Add. 12,172, fol. 17 a</bibl>","Add. 12,172",63,,36,http://syriaca.org/manuscript/639,<bibl >CDATA</bibl>,p1b20,batch1,structure-1,TEI/teiHeader/fileDesc/sourceDesc/msDesc/msPart[1]/msContents/msItem[2]/msItem[20]/note[1]/bibl,
"<bibl >Add. 12,172, fol. 21 b</bibl>","Add. 12,172",63,,36,http://syriaca.org/manuscript/639,<bibl >CDATA</bibl>,p1b21,batch1,structure-1,TEI/teiHeader/fileDesc/sourceDesc/msDesc/msPart[1]/msContents/msItem[2]/msItem[21]/note[1]/bibl,
"<bibl >Add. 12,174, no. 1</bibl>","Add. 12,174",70,,32,http://syriaca.org/manuscript/639,<bibl >CDATA</bibl>,p1b15,batch1,structure-1,TEI/teiHeader/fileDesc/sourceDesc/msDesc/msPart[1]/msContents/msItem[2]/msItem[15]/note[2]/bibl,
"<bibl >Add. 12,174, no. 10</bibl>","Add. 12,174",70,,33,http://syriaca.org/manuscript/639,<bibl >CDATA</bibl>,p1b4,batch1,structure-1,TEI/teiHeader/fileDesc/sourceDesc/msDesc/msPart[1]/msContents/msItem[2]/msItem[4]/note/bibl,
"<bibl >Add. 12,174, no. 71</bibl>","Add. 12,174",70,,33,http://syriaca.org/manuscript/639,<bibl >CDATA</bibl>,p1b23,batch1,structure-1,TEI/teiHeader/fileDesc/sourceDesc/msDesc/msPart[1]/msContents/msItem[2]/msItem[23]/note/bibl,
"<bibl >Add. 12,175, fol. 2 b</bibl>","Add. 12,175",72,,35,http://syriaca.org/manuscript/639,<bibl >CDATA</bibl>,p1b22,batch1,structure-1,TEI/teiHeader/fileDesc/sourceDesc/msDesc/msPart[1]/msContents/msItem[2]/msItem[22]/note[2]/bibl,
"<bibl >Add. 14,484, fol. 18 b</bibl>","Add. 14,484",172,,36,http://syriaca.org/manuscript/639,<bibl >CDATA</bibl>,p1b1,batch1,structure-1,TEI/teiHeader/fileDesc/sourceDesc/msDesc/msPart[1]/msContents/msItem[2]/msItem[1]/note[1]/bibl,
"<bibl >Add. 14,484, fol. 115 b</bibl>","Add. 14,484",173,,37,http://syriaca.org/manuscript/639,<bibl >CDATA</bibl>,p1b16,batch1,structure-1,TEI/teiHeader/fileDesc/sourceDesc/msDesc/msPart[1]/msContents/msItem[2]/msItem[16]/note/bibl,
"<bibl >Add. 14,582, no. 14</bibl>","Add. 14,582",318,,33,http://syriaca.org/manuscript/639,<bibl >CDATA</bibl>,p1b10,batch1,structure-1,TEI/teiHeader/fileDesc/sourceDesc/msDesc/msPart[1]/msContents/msItem[2]/msItem[10]/note/bibl,
"<bibl >Add. 14,624, no. 4</bibl>","Add. 14,624",364,,32,http://syriaca.org/manuscript/639,<bibl >CDATA</bibl>,p1b11,batch1,structure-1,TEI/teiHeader/fileDesc/sourceDesc/msDesc/msPart[1]/msContents/msItem[2]/msItem[11]/note/bibl,
"<bibl >Add. 14,633, no. 40</bibl>","Add. 14,633",383,,33,http://syriaca.org/manuscript/639,<bibl >CDATA</bibl>,p3b1,batch1,structure-1,TEI/teiHeader/fileDesc/sourceDesc/msDesc/msPart[3]/msContents/msItem[3]/msItem[1]/note/bibl,
"<bibl >Add. 14,645, no. 41</bibl>","Add. 14,645",409,,33,http://syriaca.org/manuscript/639,<bibl >CDATA</bibl>,p1b7,batch1,structure-1,TEI/teiHeader/fileDesc/sourceDesc/msDesc/msPart[1]/msContents/msItem[2]/msItem[7]/note/bibl,
"<bibl >Add. 12,174, no. 1</bibl>","Add. 12,174",70,,32,http://syriaca.org/manuscript/644,<bibl >CDATA</bibl>,p1a1,batch1,structure-1,TEI/teiHeader/fileDesc/sourceDesc/msDesc/msPart[1]/msContents/msItem[1]/note/bibl[1],
"<bibl >Add. 14,732, no. 14</bibl>","Add. 14,732",640,,33,http://syriaca.org/manuscript/644,<bibl >CDATA</bibl>,p1a1,batch1,structure-1,TEI/teiHeader/fileDesc/sourceDesc/msDesc/msPart[1]/msContents/msItem[1]/note/bibl[2],
"<bibl >Add. 14,735, fol. 144 b</bibl>","Add. 14,735",651,,37,http://syriaca.org/manuscript/644,<bibl >CDATA</bibl>,p2a2,batch1,structure-1,TEI/teiHeader/fileDesc/sourceDesc/msDesc/msPart[2]/msContents/msItem[2]/note/bibl,
"<bibl >Add. 14,641, no. 4, g</bibl>","Add. 14,641",405,,35,http://syriaca.org/manuscript/647,<bibl >CDATA</bibl>,p4a7,batch1,structure-1,TEI/teiHeader/fileDesc/sourceDesc/msDesc/msPart[4]/msContents/msItem[7]/note/bibl,
"<bibl >Add. 14,641, no. 4, h</bibl>","Add. 14,641",405,,35,http://syriaca.org/manuscript/647,<bibl >CDATA</bibl>,p4a10,batch1,structure-1,TEI/teiHeader/fileDesc/sourceDesc/msDesc/msPart[4]/msContents/msItem[10]/note/bibl,
"<bibl >Add. 14,647, no. 33</bibl>","Add. 14,647",413,,33,http://syriaca.org/manuscript/647,<bibl >CDATA</bibl>,p4a12,batch1,structure-1,TEI/teiHeader/fileDesc/sourceDesc/msDesc/msPart[4]/msContents/msItem[12]/note/bibl[1],
"<bibl >Add. 14,647, no. 18</bibl>","Add. 14,647",413,,33,http://syriaca.org/manuscript/647,<bibl >CDATA</bibl>,p4a15,batch1,structure-1,TEI/teiHeader/fileDesc/sourceDesc/msDesc/msPart[4]/msContents/msItem[15]/note/bibl[1],
"<bibl >Add. 14,649, no. 23</bibl>","Add. 14,649",416,,33,http://syriaca.org/manuscript/647,<bibl >CDATA</bibl>,p4a6,batch1,structure-1,TEI/teiHeader/fileDesc/sourceDesc/msDesc/msPart[4]/msContents/msItem[6]/note/bibl,
"<bibl >Add. 14,732, no. 6</bibl>","Add. 14,732",640,,32,http://syriaca.org/manuscript/647,<bibl >CDATA</bibl>,p4a5,batch1,structure-1,TEI/teiHeader/fileDesc/sourceDesc/msDesc/msPart[4]/msContents/msItem[5]/note/bibl,
"<bibl >Add. 14,734, fol. 193 b</bibl>","Add. 14,734",646,,37,http://syriaca.org/manuscript/647,<bibl >CDATA</bibl>,p4a11,batch1,structure-1,TEI/teiHeader/fileDesc/sourceDesc/msDesc/msPart[4]/msContents/msItem[11]/note/bibl,
"<bibl >Add. 14,734, fol. 177 a</bibl>","Add. 14,734",646,,37,http://syriaca.org/manuscript/647,<bibl >CDATA</bibl>,p4a14,batch1,structure-1,TEI/teiHeader/fileDesc/sourceDesc/msDesc/msPart[4]/msContents/msItem[14]/note/bibl,
"<bibl >See Add. 12,142, fol. 74.</bibl>","Add. 12,142",16,http://syriaca.org/manuscript/16,39,http://syriaca.org/manuscript/70,<bibl >CDATA</bibl>,b19,done,structure-1,TEI/teiHeader/fileDesc/sourceDesc/msDesc/msContents/msItem/msItem[17]/msItem[2]/listBibl/bibl,
"<bibl >See Add. 12,172, fol. 48 b.</bibl>","Add. 12,172",64,http://syriaca.org/manuscript/64,41,http://syriaca.org/manuscript/70,<bibl >CDATA</bibl>,b20,done,structure-1,TEI/teiHeader/fileDesc/sourceDesc/msDesc/msContents/msItem/msItem[17]/msItem[3]/listBibl/bibl,
"<bibl >Add. 14,484</bibl>","Add. 14,484",169,,25,http://syriaca.org/manuscript/70,<bibl >CDATA</bibl>,b2,batch1,structure-1,TEI/teiHeader/fileDesc/sourceDesc/msDesc/msContents/msItem/msItem[2]/note[3]/bibl,
"<bibl >Add. 14,647, fol. 10 a</bibl>","Add. 14,647",413,,36,http://syriaca.org/manuscript/70,<bibl >CDATA</bibl>,b42,batch1,structure-1,TEI/teiHeader/fileDesc/sourceDesc/msDesc/msContents/msItem/msItem[17]/msItem[25]/listBibl/bibl[1],
"<bibl >Add. 14,654, fol. 32</bibl>","Add. 14,654",422,,34,http://syriaca.org/manuscript/70,<bibl >CDATA</bibl>,c3,batch1,structure-1,TEI/teiHeader/fileDesc/sourceDesc/msDesc/msContents/msItem/msItem[17]/msItem[31]/msItem[1]/note/bibl,
"<bibl >Add.14,732</bibl>","Add. 14,732",640,,24,http://syriaca.org/manuscript/70,<bibl >CDATA</bibl>,b1,batch1,structure-1,TEI/teiHeader/fileDesc/sourceDesc/msDesc/msContents/msItem/msItem[1]/note[1]/bibl[1],
"<bibl >Add. 17,202, Fol. 25b</bibl>","Add. 17,202",864,,35,http://syriaca.org/manuscript/70,<bibl >CDATA</bibl>,b32,batch1,structure-1,TEI/teiHeader/fileDesc/sourceDesc/msDesc/msContents/msItem/msItem[17]/msItem[15]/note/bibl,
"<bibl >Add. 14,436</bibl>","Add. 14,436",94,,25,http://syriaca.org/manuscript/738,<bibl >CDATA</bibl>,a1,batch1,structure-1,TEI/teiHeader/fileDesc/sourceDesc/msDesc/msContents/msItem[1]/note[1]/bibl[2],
"<bibl >Add. 14,502</bibl>","Add. 14,502",192,,25,http://syriaca.org/manuscript/760,<bibl >CDATA</bibl>,,batch1,structure-1,TEI/teiHeader/fileDesc/sourceDesc/msDesc/physDesc/handDesc/handNote[1]/desc/bibl,
"<bibl >Add. 14,502, fol 19 b</bibl>","Add. 14,502",192,,35,http://syriaca.org/manuscript/760,<bibl >CDATA</bibl>,c3,batch1,structure-1,TEI/teiHeader/fileDesc/sourceDesc/msDesc/msContents/msItem/msItem[2]/msItem[1]/note/bibl,
"<bibl >Add. 14,502, fol. 45 b</bibl>","Add. 14,502",192,,36,http://syriaca.org/manuscript/760,<bibl >CDATA</bibl>,c1,batch1,structure-1,TEI/teiHeader/fileDesc/sourceDesc/msDesc/msContents/msItem/msItem[1]/msItem[1]/note/bibl,
"<bibl >Add. 12,153, fol. 1 b.</bibl>","Add. 12,153",28,,36,http://syriaca.org/manuscript/763,<bibl >CDATA</bibl>,b43,batch1,structure-1,TEI/teiHeader/fileDesc/sourceDesc/msDesc/msContents/msItem/msItem[43]/listBibl/bibl[4],
<bibl >Add. 7183</bibl>,Add. 7183,not in Wright,,23,http://syriaca.org/manuscript/77,<bibl >CDATA</bibl>,a1,batch1,structure-1,TEI/teiHeader/fileDesc/sourceDesc/msDesc/msContents/msItem[1]/note[1]/bibl[2],
"<bibl >Add. 7183, fol. 122b</bibl>",Add. 7183,not in Wright,,34,http://syriaca.org/manuscript/77,<bibl >CDATA</bibl>,b4,batch1,structure-1,TEI/teiHeader/fileDesc/sourceDesc/msDesc/msContents/msItem[2]/msItem[1]/note[1]/bibl[1],
"<bibl >Add. 7183, fol. 125a</bibl>",Add. 7183,not in Wright,,34,http://syriaca.org/manuscript/77,<bibl >CDATA</bibl>,b5,batch1,structure-1,TEI/teiHeader/fileDesc/sourceDesc/msDesc/msContents/msItem[2]/msItem[2]/note[1]/bibl[1],
"<bibl >Add. 7183, fol. 126b</bibl>",Add. 7183,not in Wright,,34,http://syriaca.org/manuscript/77,<bibl >CDATA</bibl>,b10,batch1,structure-1,TEI/teiHeader/fileDesc/sourceDesc/msDesc/msContents/msItem[4]/msItem[4]/note/bibl,
"<bibl >Add. 7183, fol. 132a</bibl>",Add. 7183,not in Wright,,34,http://syriaca.org/manuscript/77,<bibl >CDATA</bibl>,b11,batch1,structure-1,TEI/teiHeader/fileDesc/sourceDesc/msDesc/msContents/msItem[4]/msItem[5]/note/bibl,
"<bibl >Add. 7183, fol. 131b</bibl>",Add. 7183,not in Wright,,34,http://syriaca.org/manuscript/77,<bibl >CDATA</bibl>,b12,batch1,structure-1,TEI/teiHeader/fileDesc/sourceDesc/msDesc/msContents/msItem[4]/msItem[6]/note/bibl,
"<bibl >Add. 14,572</bibl>","Add. 14,572",305,,25,http://syriaca.org/manuscript/770,<bibl >CDATA</bibl>,b14,batch1,structure-1,TEI/teiHeader/fileDesc/sourceDesc/msDesc/msContents/msItem/msItem[14]/note/bibl[1],
"<bibl >Fol. 122 a. See Add. 14,607, no. 4, b.</bibl>","Add. 14,607",343,http://syriaca.org/manuscript/343,52,http://syriaca.org/manuscript/773,<bibl >CDATA</bibl>,c22,done,structure-1,TEI/teiHeader/fileDesc/sourceDesc/msDesc/msContents/msItem/msItem[4]/msItem[2]/listBibl/bibl,
"<bibl >Add. 14,600, fol. 119b</bibl>","Add. 14,600",336,,36,http://syriaca.org/manuscript/778,<bibl >CDATA</bibl>,c5,batch1,structure-1,TEI/teiHeader/fileDesc/sourceDesc/msDesc/msContents/msItem/msItem[2]/msItem[2]/note/bibl,
"<bibl >Add. 14,564</bibl>","Add. 14,564",295,,25,http://syriaca.org/manuscript/79,<bibl >CDATA</bibl>,a1,batch1,structure-1,TEI/teiHeader/fileDesc/sourceDesc/msDesc/msContents/msItem/note/bibl,
"<bibl >Add. 14,608, fol. 89 b</bibl>","Add. 14,608",345,,36,http://syriaca.org/manuscript/811,<bibl >CDATA</bibl>,p2_1b5,batch1,structure-1,TEI/teiHeader/fileDesc/sourceDesc/msDesc/msPart[2]/msPart[1]/msContents/msItem[4]/msItem[1]/note/bibl,
"<bibl >Add. 14,578, no. 17</bibl>","Add. 14,578",314,,33,http://syriaca.org/manuscript/814,<bibl >CDATA</bibl>,b1,batch1,structure-1,TEI/teiHeader/fileDesc/sourceDesc/msDesc/msContents/msItem[2]/msItem[1]/note/bibl,
"<bibl >Add. 14,578, no. 16</bibl>","Add. 14,578",314,,33,http://syriaca.org/manuscript/814,<bibl >CDATA</bibl>,b2,batch1,structure-1,TEI/teiHeader/fileDesc/sourceDesc/msDesc/msContents/msItem[2]/msItem[2]/note/bibl,
"<bibl >Add. 14,578, no. 25</bibl>","Add. 14,578",314,,33,http://syriaca.org/manuscript/814,<bibl >CDATA</bibl>,b4,batch1,structure-1,TEI/teiHeader/fileDesc/sourceDesc/msDesc/msContents/msItem[2]/msItem[4]/note/bibl,
"<bibl >Add. 14,578, no. 19</bibl>","Add. 14,578",314,,33,http://syriaca.org/manuscript/814,<bibl >CDATA</bibl>,b5,batch1,structure-1,TEI/teiHeader/fileDesc/sourceDesc/msDesc/msContents/msItem[2]/msItem[5]/note/bibl,
"<bibl >Add. 14,578, no. 29</bibl>","Add. 14,578",314,,33,http://syriaca.org/manuscript/814,<bibl >CDATA</bibl>,b8,batch1,structure-1,TEI/teiHeader/fileDesc/sourceDesc/msDesc/msContents/msItem[2]/msItem[8]/note/bibl,
"<bibl >Add. 14,578, no. 30</bibl>","Add. 14,578",314,,33,http://syriaca.org/manuscript/814,<bibl >CDATA</bibl>,b9,batch1,structure-1,TEI/teiHeader/fileDesc/sourceDesc/msDesc/msContents/msItem[2]/msItem[9]/note/bibl,
"<bibl >Add. 14,578, no. 32</bibl>","Add. 14,578",314,,33,http://syriaca.org/manuscript/814,<bibl >CDATA</bibl>,b10,batch1,structure-1,TEI/teiHeader/fileDesc/sourceDesc/msDesc/msContents/msItem[2]/msItem[10]/note/bibl,
"<bibl >Add. 14,578, no. 31</bibl>","Add. 14,578",314,,33,http://syriaca.org/manuscript/814,<bibl >CDATA</bibl>,b11,batch1,structure-1,TEI/teiHeader/fileDesc/sourceDesc/msDesc/msContents/msItem[2]/msItem[11]/note/bibl,
"<bibl >Add. 14,578, no. 34</bibl>","Add. 14,578",314,,33,http://syriaca.org/manuscript/814,<bibl >CDATA</bibl>,a5,batch1,structure-1,TEI/teiHeader/fileDesc/sourceDesc/msDesc/msContents/msItem[5]/note/bibl,
"<bibl >Add. 17,172, fol. 164 a</bibl>","Add. 17,172",824,,37,http://syriaca.org/manuscript/819,<bibl >CDATA</bibl>,a1,batch1,structure-1,TEI/teiHeader/fileDesc/sourceDesc/msDesc/msContents/msItem[1]/note[1]/bibl,
"<bibl >Add. 12,173, no. 2</bibl>","Add. 12,173",69,,32,http://syriaca.org/manuscript/825,<bibl >CDATA</bibl>,a3,batch1,structure-1,TEI/teiHeader/fileDesc/sourceDesc/msDesc/msContents/msItem[3]/note/bibl,
"<bibl >Add. 12,175, foll. 2 b—37 a</bibl>","Add. 12,175",72,,41,http://syriaca.org/manuscript/825,<bibl >CDATA</bibl>,a6,batch1,structure-1,TEI/teiHeader/fileDesc/sourceDesc/msDesc/msContents/msItem[6]/note/bibl,
"<bibl >Add. 14,575, no. 16</bibl>","Add. 14,575",311,,33,http://syriaca.org/manuscript/825,<bibl >CDATA</bibl>,a8,batch1,structure-1,TEI/teiHeader/fileDesc/sourceDesc/msDesc/msContents/msItem[8]/note/bibl,
"<bibl >Add. 14,641, no. 4, b</bibl>","Add. 14,641",405,,35,http://syriaca.org/manuscript/825,<bibl >CDATA</bibl>,a7,batch1,structure-1,TEI/teiHeader/fileDesc/sourceDesc/msDesc/msContents/msItem[7]/note/bibl,
"<bibl >Add. 17,264 and 17,263</bibl>","Add. 17,264",1080,,36,http://syriaca.org/manuscript/827,<bibl >CDATA</bibl>,a1,batch1,structure-1,TEI/teiHeader/fileDesc/sourceDesc/msDesc/msContents/msItem/note[1]/bibl,
"<bibl >Add. 14,645, no. 23</bibl>","Add. 14,645",409,,33,http://syriaca.org/manuscript/829,<bibl >CDATA</bibl>,a4,batch1,structure-1,TEI/teiHeader/fileDesc/sourceDesc/msDesc/msContents/msItem[4]/note/bibl,
"<bibl >Add. 14,649, no. 3</bibl>","Add. 14,649",416,,32,http://syriaca.org/manuscript/829,<bibl >CDATA</bibl>,a3,batch1,structure-1,TEI/teiHeader/fileDesc/sourceDesc/msDesc/msContents/msItem[3]/note/bibl,
"<bibl >Add. 14,575, no. 19</bibl>","Add. 14,575",311,,33,http://syriaca.org/manuscript/831,<bibl >CDATA</bibl>,b11,batch1,structure-1,TEI/teiHeader/fileDesc/sourceDesc/msDesc/msContents/msItem[3]/msItem[1]/note/bibl,
"<bibl >Add. 14,575, no. 20</bibl>","Add. 14,575",311,,33,http://syriaca.org/manuscript/831,<bibl >CDATA</bibl>,b12,batch1,structure-1,TEI/teiHeader/fileDesc/sourceDesc/msDesc/msContents/msItem[3]/msItem[2]/note/bibl,
"<bibl >Add. 14,575, no. 22</bibl>","Add. 14,575",311,,33,http://syriaca.org/manuscript/831,<bibl >CDATA</bibl>,b13,batch1,structure-1,TEI/teiHeader/fileDesc/sourceDesc/msDesc/msContents/msItem[3]/msItem[3]/note/bibl,
"<bibl >Add. 14,582,
                              no. 9</bibl>","Add. 14,582",318,,62,http://syriaca.org/manuscript/831,<bibl >CDATA</bibl>,b17,batch1,structure-1,TEI/teiHeader/fileDesc/sourceDesc/msDesc/msContents/msItem[5]/msItem[1]/note/bibl,
"<bibl >Add. 17,172, no. 6, c</bibl>","Add. 17,172",824,,35,http://syriaca.org/manuscript/831,<bibl >CDATA</bibl>,b6,batch1,structure-1,TEI/teiHeader/fileDesc/sourceDesc/msDesc/msContents/msItem[1]/msItem[6]/note/bibl,
"<bibl >Add. 17,172, no. 6, f</bibl>","Add. 17,172",824,,35,http://syriaca.org/manuscript/831,<bibl >CDATA</bibl>,b8,batch1,structure-1,TEI/teiHeader/fileDesc/sourceDesc/msDesc/msContents/msItem[1]/msItem[8]/note/bibl,
"<bibl >Add. 12,103, foll:
                           240 b</bibl>","Add. 12,103",not in Wright,,65,http://syriaca.org/manuscript/832,<bibl >CDATA</bibl>,a4,batch1,structure-1,TEI/teiHeader/fileDesc/sourceDesc/msDesc/msContents/msItem[4]/note/bibl[2],
"<bibl >Add. 14,613, fol. 151 a</bibl>","Add. 14,613",351,,37,http://syriaca.org/manuscript/838,<bibl >CDATA</bibl>,c8,batch1,structure-1,TEI/teiHeader/fileDesc/sourceDesc/msDesc/msContents/msItem/msItem[2]/msItem[5]/note/bibl,
"<bibl >Add. 17,161, no. 1</bibl>","Add. 17,161",804,,32,http://syriaca.org/manuscript/838,<bibl >CDATA</bibl>,b1,batch1,structure-1,TEI/teiHeader/fileDesc/sourceDesc/msDesc/msContents/msItem/msItem[1]/note/bibl[2],
"<bibl >Add. 17,161, no. 2</bibl>","Add. 17,161",804,,32,http://syriaca.org/manuscript/838,<bibl >CDATA</bibl>,b2,batch1,structure-1,TEI/teiHeader/fileDesc/sourceDesc/msDesc/msContents/msItem/msItem[2]/note/bibl,
"<bibl >Add. 14,575, nos. 7—11</bibl>","Add. 14,575",311,,36,http://syriaca.org/manuscript/839,<bibl >CDATA</bibl>,a11,batch1,structure-1,TEI/teiHeader/fileDesc/sourceDesc/msDesc/msContents/msItem[11]/note/bibl,
"<bibl >Add. 17,170, no. 4</bibl>","Add. 17,170",820,,32,http://syriaca.org/manuscript/839,<bibl >CDATA</bibl>,b5,batch1,structure-1,TEI/teiHeader/fileDesc/sourceDesc/msDesc/msContents/msItem[3]/msItem[1]/note/bibl,
"<bibl >Add. 17,170, no. 9</bibl>","Add. 17,170",820,,32,http://syriaca.org/manuscript/839,<bibl >CDATA</bibl>,b6,batch1,structure-1,TEI/teiHeader/fileDesc/sourceDesc/msDesc/msContents/msItem[3]/msItem[2]/note/bibl,
"<bibl >Add. 14,578, no. 29</bibl>","Add. 14,578",314,,33,http://syriaca.org/manuscript/848,<bibl >CDATA</bibl>,c1,batch1,structure-1,TEI/teiHeader/fileDesc/sourceDesc/msDesc/msContents/msItem/msItem[1]/msItem[1]/note/bibl,
"<bibl >Add. 14,578, no. 30</bibl>","Add. 14,578",314,,33,http://syriaca.org/manuscript/848,<bibl >CDATA</bibl>,c2,batch1,structure-1,TEI/teiHeader/fileDesc/sourceDesc/msDesc/msContents/msItem/msItem[1]/msItem[2]/note/bibl,
"<bibl >Add. 14,578, no. 32</bibl>","Add. 14,578",314,,33,http://syriaca.org/manuscript/848,<bibl >CDATA</bibl>,c3,batch1,structure-1,TEI/teiHeader/fileDesc/sourceDesc/msDesc/msContents/msItem/msItem[1]/msItem[3]/note/bibl,
"<bibl >Add. 14,578, no. 20</bibl>","Add. 14,578",314,,33,http://syriaca.org/manuscript/848,<bibl >CDATA</bibl>,c4,batch1,structure-1,TEI/teiHeader/fileDesc/sourceDesc/msDesc/msContents/msItem/msItem[1]/msItem[4]/note/bibl,
"<bibl >Add. 14,578, no. 44</bibl>","Add. 14,578",314,,33,http://syriaca.org/manuscript/848,<bibl >CDATA</bibl>,c6,batch1,structure-1,TEI/teiHeader/fileDesc/sourceDesc/msDesc/msContents/msItem/msItem[1]/msItem[6]/note/bibl,
"<bibl >Add. 14,578, no. 45</bibl>","Add. 14,578",314,,33,http://syriaca.org/manuscript/848,<bibl >CDATA</bibl>,c7,batch1,structure-1,TEI/teiHeader/fileDesc/sourceDesc/msDesc/msContents/msItem/msItem[1]/msItem[7]/note/bibl,
"<bibl >Add. 14,611, no. 16</bibl>","Add. 14,611",349,,33,http://syriaca.org/manuscript/848,<bibl >CDATA</bibl>,b12,batch1,structure-1,TEI/teiHeader/fileDesc/sourceDesc/msDesc/msContents/msItem/msItem[12]/note/bibl,
"<bibl >Add. 14,649, no. 23</bibl>","Add. 14,649",416,,33,http://syriaca.org/manuscript/848,<bibl >CDATA</bibl>,b13,batch1,structure-1,TEI/teiHeader/fileDesc/sourceDesc/msDesc/msContents/msItem/msItem[13]/note/bibl,
"<bibl >Add. 14,657</bibl>","Add. 14,657",425,,25,http://syriaca.org/manuscript/848,<bibl >CDATA</bibl>,b11,batch1,structure-1,TEI/teiHeader/fileDesc/sourceDesc/msDesc/msContents/msItem/msItem[11]/note/bibl,
"<bibl >Add. 17,167, no. 2, m</bibl>","Add. 17,167",814,,35,http://syriaca.org/manuscript/848,<bibl >CDATA</bibl>,b4,batch1,structure-1,TEI/teiHeader/fileDesc/sourceDesc/msDesc/msContents/msItem/msItem[4]/note/bibl,
"<bibl >Add. 17,167, no. 4, α and β</bibl>","Add. 17,167",814,,41,http://syriaca.org/manuscript/848,<bibl >CDATA</bibl>,b3,batch1,structure-1,TEI/teiHeader/fileDesc/sourceDesc/msDesc/msContents/msItem/msItem[3]/note[1]/bibl,
"<bibl >Land, Ancedota Syriaca, t. ii., p. 11 of the Addenda et
                    Emendanda</bibl>",none,not a ms,http://syriaca.org/manuscript/not a ms,99,http://syriaca.org/manuscript/849,<bibl >CDATA</bibl>,b40,done,structure-1,TEI/teiHeader/fileDesc/sourceDesc/msDesc/msContents/msItem/msItem[40]/note/bibl,
"<bibl >Add. 14,620, no. 11</bibl>","Add. 14,620",360,,33,http://syriaca.org/manuscript/864,<bibl >CDATA</bibl>,e65,batch1,structure-1,TEI/teiHeader/fileDesc/sourceDesc/msDesc/msContents/msItem/msItem[2]/msItem[7]/msItem[4]/note[3]/bibl,
"<bibl >Add. 14,641, no. 4, e</bibl>","Add. 14,641",405,,35,http://syriaca.org/manuscript/864,<bibl >CDATA</bibl>,e1,batch1,structure-1,TEI/teiHeader/fileDesc/sourceDesc/msDesc/msContents/msItem/msItem[1]/msItem[2]/msItem[3]/note/bibl[2],
"<bibl >Add. 17,200, no. 1</bibl>","Add. 17,200",858,,32,http://syriaca.org/manuscript/864,<bibl >CDATA</bibl>,e40,batch1,structure-1,TEI/teiHeader/fileDesc/sourceDesc/msDesc/msContents/msItem/msItem[2]/msItem[4]/msItem[11]/note[2]/bibl,
"<bibl >Add. 17,200, no. 2</bibl>","Add. 17,200",858,,32,http://syriaca.org/manuscript/864,<bibl >CDATA</bibl>,e41,batch1,structure-1,TEI/teiHeader/fileDesc/sourceDesc/msDesc/msContents/msItem/msItem[2]/msItem[4]/msItem[12]/note[2]/bibl,
"<bibl >Add. 17,200, no. 3</bibl>","Add. 17,200",858,,32,http://syriaca.org/manuscript/864,<bibl >CDATA</bibl>,e42,batch1,structure-1,TEI/teiHeader/fileDesc/sourceDesc/msDesc/msContents/msItem/msItem[2]/msItem[4]/msItem[13]/note[2]/bibl,
"<bibl >Add. 17,200, no. 4</bibl>","Add. 17,200",858,,32,http://syriaca.org/manuscript/864,<bibl >CDATA</bibl>,e43,batch1,structure-1,TEI/teiHeader/fileDesc/sourceDesc/msDesc/msContents/msItem/msItem[2]/msItem[4]/msItem[14]/note[2]/bibl,
"<bibl >Add. 7190, fol.
                    319 a</bibl>",Add. 7190,not in Wright,,55,http://syriaca.org/manuscript/864,<bibl >CDATA</bibl>,d6,batch1,structure-1,TEI/teiHeader/fileDesc/sourceDesc/msDesc/msContents/msItem/msItem[1]/msItem[1]/msItem[7]/note[1]/bibl,
"<bibl >Add. 7202, fol. 1 a; the Journal of Sacred Literature, vol. vi (new series), January 1865, p. 465</bibl>",Add. 7202,not in Wright,http://syriaca.org/manuscript/not in Wright,111,http://syriaca.org/manuscript/87,<bibl >CDATA</bibl>,,done,structure-1,TEI/teiHeader/fileDesc/sourceDesc/msDesc/physDesc/additions/list/item[2]/p[1]/bibl[1],
"<bibl >Add. 12,157</bibl>","Add. 12,157",32,,25,http://syriaca.org/manuscript/872,<bibl >CDATA</bibl>,p1a1,batch1,structure-1,TEI/teiHeader/fileDesc/sourceDesc/msDesc/msPart[1]/msContents/msItem/note[1]/bibl,
"<bibl >Add. 12, 181, fol.
                      102 a</bibl>","Add. 12,181",80,,60,http://syriaca.org/manuscript/872,<bibl >CDATA</bibl>,,batch1,structure-1,TEI/teiHeader/fileDesc/sourceDesc/msDesc/msPart[1]/physDesc/additions/list/item[3]/p[3]/note/bibl,
"<bibl >Add. 7156
                (Forshall and Rosen’s Catalogue, p. 12)</bibl>",Add. 7156,not in Wright,http://syriaca.org/manuscript/not in Wright,79,http://syriaca.org/manuscript/980,<bibl >CDATA</bibl>,a3,done,structure-1,TEI/teiHeader/fileDesc/sourceDesc/msDesc/msContents/msItem[3]/note/bibl[2],
